name;Company Website;Is a new company?
Caretta;https://www.caretta.so;
21st;https://21st.dev;
MirageDoodle, Inc.;https://miragedoodle.com/;
Skillsync;https://skillsync.wiki;
Arthrex Inc.;https://careers.arthrex.com/;
Techim INC;http://techim.ca;
Lusso Tech LLC;https://lussotech.com/;
eSolutionsFirst, LLC;https://esolutionsfirst.com/;
aptlogix LLC;https://aptlogix.com/;
Visionary Integration Professionals;https://trustvip.com/;
Gainwell Technologies LLC;https://www.gainwelltechnologies.com/careers/;
Document Storage Systems Inc;https://www.dssinc.com/life-at-dss;
SCMChamps;https://scmchamps.com;
